,x_first,y_first,x_second,y_second,probability,type
0,257.4344,236.57643,305.8069,274.38318,0.54179007,Plastic lid
1,712.55383,409.65152,750.0,442.10797,0.46850044,Other plastic wrapper
2,466.55768,560.0648,615.1765,750.0,0.41776776,Plastic film
